{
  "palette": {
    "system-display": {
      "bg": "0x000080",
      "fg": "0xFFFFFF"
    },
    "main": {
      "bg": "0x181818",
      "fg": "0xFFFFFF"
    },
    "progress": {
      "bg": "0x00FF00",
      "fg": "0x000000"
    },
    "warn_progress": {
      "bg": "0xFF6040",
      "fg": "0x000000"
    },
    "edit_box": {
      "bg": "0xFFFFFF",
      "fg": "0x000000"
    },
    "terminal": {
      "bg": "0x000000",
      "fg": "0x00FF00"
    },
    "config-line" : "0x00FF00",
    "dialog-frame" : "0x303CCB",
    "console-frame" : "0x00FF00",
    "temperature-point" : "0xFFFFFF",
    "temperature-line" : "0xFFFF00"
  }
}